TARGET_CLASS,criterion,Coverage,Total_Goals,Covered_Goals,LineCoverage,LineCoverageBitString,BranchCoverage,BranchCoverageBitString,CBranchCoverage,CBranchCoverageBitString,WeakMutationScore,WeakMutationCoverageBitString,MethodTraceCoverage,MethodTraceCoverageBitString
com.axios.cookie.ThreadLocalCookieStore,LINE;BRANCH;CBRANCH;WEAKMUTATION;METHODTRACE,0.8474903474903475,1036,878,1.0,111111111111,1.0,11111111111,0.18181818181818182,10000000010,0.8499496475327291,111111111111111111111111111011011110111111111111101101111111100000000001111111110000000001111111111110110111111111111111111111110111110111110111110111111111111111101111111100001111111111110111101111111111111111110111111111110011100000111011111111111111111110110000011011100111111111001100010111111111111111111111111111001111111011101111001111111111111011111111111111101111111110111101111110111111111110111110111110111111011111111111111100110000001110111111111111111111111111111111111111100111111111111111110101111111111011101111111110111111111011011111111111111110111111011011101110111111111111111111111111111111101110111111111111111111111111111111111110111111011111111011110111111111111111111111111111011111111111111111111111000001111111111111111111111110111111010111111011011001101110111110011111111110111111111110111100101110111111111011111111111111101101110111011011011011011011111111011111111011111111111111011111111101111101111100111111111111111111111010111110110111111111111111111111111,1.0,111111111
com.axios.status.Status,LINE;BRANCH;CBRANCH;WEAKMUTATION;METHODTRACE,0.8433497536945813,1015,856,1.0,1,1.0,1111111111,0.0,0000000000,0.8499496475327291,111111111111111111111111111011011110111111111111101101111111100000000001111111110000000001111111111110110111111111111111111111110111110111110111110111111111111111101111111100001111111111110111101111111111111111110111111111110011100000111011111111111111111110110000011011100111111111001100010111111111111111111111111111001111111011101111001111111111111011111111111111101111111110111101111110111111111110111110111110111111011111111111111100110000001110111111111111111111111111111111111111100111111111111111110101111111111011101111111110111111111011011111111111111110111111011011101110111111111111111111111111111111101110111111111111111111111111111111111110111111011111111011110111111111111111111111111111011111111111111111111111000001111111111111111111111110111111010111111011011001101110111110011111111110111111111110111100101110111111111011111111111111101101110111011011011011011011111111011111111011111111111111011111111101111101111100111111111111111111111010111110110111111111111111111111111,1.0,1
com.axios.Conn,LINE;BRANCH;CBRANCH;WEAKMUTATION;METHODTRACE,0.7964601769911505,1469,1170,0.9075144508670521,11111111111111110111110111101111101111110111111011111101111110111111111111111111111111111111111111111111111111111111111111111111111111111111111111111111111111000000001111111,0.928,11111111111111111111111111111111111111111111111100000000011111111111111111111111111111111111111111111111111111111111111111111,0.0,00000000000000000000000000000000000000000000000000000000000000000000000000000000000000000000000000000000000000000000000000000,0.8499496475327291,111111111111111111111111111011011110111111111111101101111111100000000001111111110000000001111111111110110111111111111111111111110111110111110111110111111111111111101111111100001111111111110111101111111111111111110111111111110011100000111011111111111111111110110000011011100111111111001100010111111111111111111111111111001111111011101111001111111111111011111111111111101111111110111101111110111111111110111110111110111111011111111111111100110000001110111111111111111111111111111111111111100111111111111111110101111111111011101111111110111111111011011111111111111110111111011011101110111111111111111111111111111111101110111111111111111111111111111111111110111111011111111011110111111111111111111111111111011111111111111111111111000001111111111111111111111110111111010111111011011001101110111110011111111110111111111110111100101110111111111011111111111111101101110111011011011011011011111111011111111011111111111111011111111101111101111100111111111111111111111010111110110111111111111111111111111,1.0,11111111111111111111111111111111111111111111111111111
com.axios.ajax.Ajax,LINE;BRANCH;CBRANCH;WEAKMUTATION;METHODTRACE,0.8478478478478478,999,847,0.5,10,1.0,1,0.0,0,0.8499496475327291,111111111111111111111111111011011110111111111111101101111111100000000001111111110000000001111111111110110111111111111111111111110111110111110111110111111111111111101111111100001111111111110111101111111111111111110111111111110011100000111011111111111111111110110000011011100111111111001100010111111111111111111111111111001111111011101111001111111111111011111111111111101111111110111101111110111111111110111110111110111111011111111111111100110000001110111111111111111111111111111111111111100111111111111111110101111111111011101111111110111111111011011111111111111110111111011011101110111111111111111111111111111111101110111111111111111111111111111111111110111111011111111011110111111111111111111111111111011111111111111111111111000001111111111111111111111110111111010111111011011001101110111110011111111110111111111110111100101110111111111011111111111111101101110111011011011011011011111111011111111011111111111111011111111101111101111100111111111111111111111010111110110111111111111111111111111,0.5,01
com.axios.core.rfc.RFC3986,LINE;BRANCH;CBRANCH;WEAKMUTATION;METHODTRACE,0.8526522593320236,1018,868,1.0,1111111111,1.0,1111111,0.8571428571428571,1111110,0.8499496475327291,111111111111111111111111111011011110111111111111101101111111100000000001111111110000000001111111111110110111111111111111111111110111110111110111110111111111111111101111111100001111111111110111101111111111111111110111111111110011100000111011111111111111111110110000011011100111111111001100010111111111111111111111111111001111111011101111001111111111111011111111111111101111111110111101111110111111111110111110111110111111011111111111111100110000001110111111111111111111111111111111111111100111111111111111110101111111111011101111111110111111111011011111111111111110111111011011101110111111111111111111111111111111101110111111111111111111111111111111111110111111011111111011110111111111111111111111111111011111111111111111111111000001111111111111111111111110111111010111111011011001101110111110011111111110111111111110111100101110111111111011111111111111101101110111011011011011011011111111011111111011111111111111011111111101111101111100111111111111111111111010111110110111111111111111111111111,1.0,1
com.axios.core.rfc.PercentCodec,LINE;BRANCH;CBRANCH;WEAKMUTATION;METHODTRACE,0.8392050587172538,1107,929,0.9423076923076923,1111111111111111111111111111111111100011111111111111,0.9615384615384616,11111111111111111111111110,0.038461538461538464,00010000000000000000000000,0.8499496475327291,111111111111111111111111111011011110111111111111101101111111100000000001111111110000000001111111111110110111111111111111111111110111110111110111110111111111111111101111111100001111111111110111101111111111111111110111111111110011100000111011111111111111111110110000011011100111111111001100010111111111111111111111111111001111111011101111001111111111111011111111111111101111111110111101111110111111111110111110111110111111011111111111111100110000001110111111111111111111111111111111111111100111111111111111110101111111111011101111111110111111111011011111111111111110111111011011101110111111111111111111111111111111101110111111111111111111111111111111111110111111011111111011110111111111111111111111111111011111111111111111111111000001111111111111111111111110111111010111111011011001101110111110011111111110111111111110111100101110111111111011111111111111101101110111011011011011011011111111011111111011111111111111011111111101111101111100111111111111111111111010111110110111111111111111111111111,1.0,1111111111
com.axios.core.tool.regular.RegularTool,LINE;BRANCH;CBRANCH;WEAKMUTATION;METHODTRACE,0.8433268858800773,1034,872,1.0,111111111111,1.0,1111111111111,0.0,0000000000000,0.8499496475327291,111111111111111111111111111011011110111111111111101101111111100000000001111111110000000001111111111110110111111111111111111111110111110111110111110111111111111111101111111100001111111111110111101111111111111111110111111111110011100000111011111111111111111110110000011011100111111111001100010111111111111111111111111111001111111011101111001111111111111011111111111111101111111110111101111110111111111110111110111110111111011111111111111100110000001110111111111111111111111111111111111111100111111111111111110101111111111011101111111110111111111011011111111111111110111111011011101110111111111111111111111111111111101110111111111111111111111111111111111110111111011111111011110111111111111111111111111111011111111111111111111111000001111111111111111111111110111111010111111011011001101110111110011111111110111111111110111100101110111111111011111111111111101101110111011011011011011011111111011111111011111111111111011111111101111101111100111111111111111111111010111110110111111111111111111111111,1.0,111
com.axios.core.tool.ssl.SSLTool,LINE;BRANCH;CBRANCH;WEAKMUTATION;METHODTRACE,0.8467583497053045,1018,862,1.0,1111111,1.0,1111111,0.0,0000000,0.8499496475327291,111111111111111111111111111011011110111111111111101101111111100000000001111111110000000001111111111110110111111111111111111111110111110111110111110111111111111111101111111100001111111111110111101111111111111111110111111111110011100000111011111111111111111110110000011011100111111111001100010111111111111111111111111111001111111011101111001111111111111011111111111111101111111110111101111110111111111110111110111110111111011111111111111100110000001110111111111111111111111111111111111111100111111111111111110101111111111011101111111110111111111011011111111111111110111111011011101110111111111111111111111111111111101110111111111111111111111111111111111110111111011111111011110111111111111111111111111111011111111111111111111111000001111111111111111111111110111111010111111011011001101110111110011111111110111111111110111100101110111111111011111111111111101101110111011011011011011011111111011111111011111111111111011111111101111101111100111111111111111111111010111110110111111111111111111111111,1.0,1111
com.axios.core.tool.ssl.SSLContextBuilder,LINE;BRANCH;CBRANCH;WEAKMUTATION;METHODTRACE,0.8463740458015268,1048,887,1.0,11111111111111111111111,1.0,111111111111,0.0,000000000000,0.8499496475327291,111111111111111111111111111011011110111111111111101101111111100000000001111111110000000001111111111110110111111111111111111111110111110111110111110111111111111111101111111100001111111111110111101111111111111111110111111111110011100000111011111111111111111110110000011011100111111111001100010111111111111111111111111111001111111011101111001111111111111011111111111111101111111110111101111110111111111110111110111110111111011111111111111100110000001110111111111111111111111111111111111111100111111111111111110101111111111011101111111110111111111011011111111111111110111111011011101110111111111111111111111111111111101110111111111111111111111111111111111110111111011111111011110111111111111111111111111111011111111111111111111111000001111111111111111111111110111111010111111011011001101110111110011111111110111111111110111100101110111111111011111111111111101101110111011011011011011011111111011111111011111111111111011111111101111101111100111111111111111111111010111110110111111111111111111111111,1.0,11111111
com.axios.core.tool.file.FileTool,LINE;BRANCH;CBRANCH;WEAKMUTATION;METHODTRACE,0.7943037974683544,1264,1004,0.6991150442477876,11000011111111111111111111110110000001111110111110000011111111110011111111111111100000001100011111111111111100000,0.9,1111110111111111111110001111111111111111111101110011111111111111111111,0.0,0000000000000000000000000000000000000000000000000000000000000000000000,0.8499496475327291,111111111111111111111111111011011110111111111111101101111111100000000001111111110000000001111111111110110111111111111111111111110111110111110111110111111111111111101111111100001111111111110111101111111111111111110111111111110011100000111011111111111111111110110000011011100111111111001100010111111111111111111111111111001111111011101111001111111111111011111111111111101111111110111101111110111111111110111110111110111111011111111111111100110000001110111111111111111111111111111111111111100111111111111111110101111111111011101111111110111111111011011111111111111110111111011011101110111111111111111111111111111111101110111111111111111111111111111111111110111111011111111011110111111111111111111111111111011111111111111111111111000001111111111111111111111110111111010111111011011001101110111110011111111110111111111110111100101110111111111011111111111111101101110111011011011011011011111111011111111011111111111111011111111101111101111100111111111111111111111010111110110111111111111111111111111,1.0,111111111111111111
com.axios.core.tool.file.MoveVisitor,LINE;BRANCH;CBRANCH;WEAKMUTATION;METHODTRACE,0.8431183830606352,1039,876,0.8571428571428571,110111111111011101111,0.8181818181818182,11110111011,0.18181818181818182,00000010001,0.8499496475327291,111111111111111111111111111011011110111111111111101101111111100000000001111111110000000001111111111110110111111111111111111111110111110111110111110111111111111111101111111100001111111111110111101111111111111111110111111111110011100000111011111111111111111110110000011011100111111111001100010111111111111111111111111111001111111011101111001111111111111011111111111111101111111110111101111110111111111110111110111110111111011111111111111100110000001110111111111111111111111111111111111111100111111111111111110101111111111011101111111110111111111011011111111111111110111111011011101110111111111111111111111111111111101110111111111111111111111111111111111110111111011111111011110111111111111111111111111111011111111111111111111111000001111111111111111111111110111111010111111011011001101110111110011111111110111111111110111100101110111111111011111111111111101101110111011011011011011011111111011111111011111111111111011111111101111101111100111111111111111111111010111110110111111111111111111111111,1.0,111
com.axios.core.tool.file.DelVisitor,LINE;BRANCH;CBRANCH;WEAKMUTATION;METHODTRACE,0.8466864490603363,1011,856,0.7142857142857143,1101101,1.0,1111,0.0,0000,0.8499496475327291,111111111111111111111111111011011110111111111111101101111111100000000001111111110000000001111111111110110111111111111111111111110111110111110111110111111111111111101111111100001111111111110111101111111111111111110111111111110011100000111011111111111111111110110000011011100111111111001100010111111111111111111111111111001111111011101111001111111111111011111111111111101111111110111101111110111111111110111110111110111111011111111111111100110000001110111111111111111111111111111111111111100111111111111111110101111111111011101111111110111111111011011111111111111110111111011011101110111111111111111111111111111111101110111111111111111111111111111111111110111111011111111011110111111111111111111111111111011111111111111111111111000001111111111111111111111110111111010111111011011001101110111110011111111110111111111110111100101110111111111011111111111111101101110111011011011011011011111111011111111011111111111111011111111101111101111100111111111111111111111010111110110111111111111111111111111,1.0,111
com.axios.core.tool.random.RandomTool,LINE;BRANCH;CBRANCH;WEAKMUTATION;METHODTRACE,0.8463035019455253,1028,870,1.0,1111111111111,1.0,111111111,0.0,000000000,0.8499496475327291,111111111111111111111111111011011110111111111111101101111111100000000001111111110000000001111111111110110111111111111111111111110111110111110111110111111111111111101111111100001111111111110111101111111111111111110111111111110011100000111011111111111111111110110000011011100111111111001100010111111111111111111111111111001111111011101111001111111111111011111111111111101111111110111101111110111111111110111110111110111111011111111111111100110000001110111111111111111111111111111111111111100111111111111111110101111111111011101111111110111111111011011111111111111110111111011011101110111111111111111111111111111111101110111111111111111111111111111111111110111111011111111011110111111111111111111111111111011111111111111111111111000001111111111111111111111110111111010111111011011001101110111110011111111110111111111110111100101110111111111011111111111111101101110111011011011011011011111111011111111011111111111111011111111101111101111100111111111111111111111010111110110111111111111111111111111,1.0,1111
com.axios.core.tool.UrlTool,LINE;BRANCH;CBRANCH;WEAKMUTATION;METHODTRACE,0.7750759878419453,1645,1275,1.0,11111111111111111111111111111111111111111111111111111111111111111111111111111111111111111111111111111111111111111111111111111111111111111111111111111111111111111111111111,0.9954545454545455,1111111111111111111111111111111111111111111111111111111111111011111111111111111111111111111111111111111111111111111111111111111111111111111111111111111111111111111111111111111111111111111111111111111111111111111111111111,0.0,0000000000000000000000000000000000000000000000000000000000000000000000000000000000000000000000000000000000000000000000000000000000000000000000000000000000000000000000000000000000000000000000000000000000000000000000000000,0.8499496475327291,111111111111111111111111111011011110111111111111101101111111100000000001111111110000000001111111111110110111111111111111111111110111110111110111110111111111111111101111111100001111111111110111101111111111111111110111111111110011100000111011111111111111111110110000011011100111111111001100010111111111111111111111111111001111111011101111001111111111111011111111111111101111111110111101111110111111111110111110111110111111011111111111111100110000001110111111111111111111111111111111111111100111111111111111110101111111111011101111111110111111111011011111111111111110111111011011101110111111111111111111111111111111101110111111111111111111111111111111111110111111011111111011110111111111111111111111111111011111111111111111111111000001111111111111111111111110111111010111111011011001101110111110011111111110111111111110111100101110111111111011111111111111101101110111011011011011011011111111011111111011111111111111011111111101111101111100111111111111111111111010111110110111111111111111111111111,1.0,111111111111111111111111111111111111111111
com.axios.core.tool.http.HttpTool,LINE;BRANCH;CBRANCH;WEAKMUTATION;METHODTRACE,0.8011695906432749,1197,959,0.7966101694915254,11111111111111111111111111111111111111001111111100000000001,0.796875,1111111111111111111000000000001110111111111111111111111011111111,0.0,0000000000000000000000000000000000000000000000000000000000000000,0.8499496475327291,111111111111111111111111111011011110111111111111101101111111100000000001111111110000000001111111111110110111111111111111111111110111110111110111110111111111111111101111111100001111111111110111101111111111111111110111111111110011100000111011111111111111111110110000011011100111111111001100010111111111111111111111111111001111111011101111001111111111111011111111111111101111111110111101111110111111111110111110111110111111011111111111111100110000001110111111111111111111111111111111111111100111111111111111110101111111111011101111111110111111111011011111111111111110111111011011101110111111111111111111111111111111101110111111111111111111111111111111111110111111011111111011110111111111111111111111111111011111111111111111111111000001111111111111111111111110111111010111111011011001101110111110011111111110111111111110111100101110111111111011111111111111101101110111011011011011011011111111011111111011111111111111011111111101111101111100111111111111111111111010111110110111111111111111111111111,1.0,11111111111111111
com.axios.core.tool.URLEncoder,LINE;BRANCH;CBRANCH;WEAKMUTATION;METHODTRACE,0.8451730418943534,1098,928,0.9423076923076923,1111111111111111111111111111111111111111111000111111,1.0,111111111111111111111111,0.25,100000010010110000100000,0.8499496475327291,111111111111111111111111111011011110111111111111101101111111100000000001111111110000000001111111111110110111111111111111111111110111110111110111110111111111111111101111111100001111111111110111101111111111111111110111111111110011100000111011111111111111111110110000011011100111111111001100010111111111111111111111111111001111111011101111001111111111111011111111111111101111111110111101111110111111111110111110111110111111011111111111111100110000001110111111111111111111111111111111111111100111111111111111110101111111111011101111111110111111111011011111111111111110111111011011101110111111111111111111111111111111101110111111111111111111111111111111111110111111011111111011110111111111111111111111111111011111111111111111111111000001111111111111111111111110111111010111111011011001101110111110011111111110111111111110111100101110111111111011111111111111101101110111011011011011011011111111011111111011111111111111011111111101111101111100111111111111111111111010111110110111111111111111111111111,1.0,11111
com.axios.core.tool.mutable.Mutable,LINE;BRANCH;CBRANCH;WEAKMUTATION;METHODTRACE,0.8482412060301507,995,844,1.0,1,1.0,1,1.0,1,0.8499496475327291,111111111111111111111111111011011110111111111111101101111111100000000001111111110000000001111111111110110111111111111111111111110111110111110111110111111111111111101111111100001111111111110111101111111111111111110111111111110011100000111011111111111111111110110000011011100111111111001100010111111111111111111111111111001111111011101111001111111111111011111111111111101111111110111101111110111111111110111110111110111111011111111111111100110000001110111111111111111111111111111111111111100111111111111111110101111111111011101111111110111111111011011111111111111110111111011011101110111111111111111111111111111111101110111111111111111111111111111111111110111111011111111011110111111111111111111111111111011111111111111111111111000001111111111111111111111110111111010111111011011001101110111110011111111110111111111110111100101110111111111011111111111111101101110111011011011011011011111111011111111011111111111111011111111101111101111100111111111111111111111010111110110111111111111111111111111,0.0,00
com.axios.core.tool.mutable.MutableObj,LINE;BRANCH;CBRANCH;WEAKMUTATION;METHODTRACE,0.8440191387559809,1045,882,1.0,111111111111111111,1.0,11111111111111,0.0,00000000000000,0.8499496475327291,111111111111111111111111111011011110111111111111101101111111100000000001111111110000000001111111111110110111111111111111111111110111110111110111110111111111111111101111111100001111111111110111101111111111111111110111111111110011100000111011111111111111111110110000011011100111111111001100010111111111111111111111111111001111111011101111001111111111111011111111111111101111111110111101111110111111111110111110111110111111011111111111111100110000001110111111111111111111111111111111111111100111111111111111110101111111111011101111111110111111111011011111111111111110111111011011101110111111111111111111111111111111101110111111111111111111111111111111111110111111011111111011110111111111111111111111111111011111111111111111111111000001111111111111111111111110111111010111111011011001101110111110011111111110111111111110111100101110111111111011111111111111101101110111011011011011011011111111011111111011111111111111011111111101111101111100111111111111111111111010111110110111111111111111111111111,1.0,111111
com.axios.core.tool.text.StrJoiner,LINE;BRANCH;CBRANCH;WEAKMUTATION;METHODTRACE,0.8256087981146897,1273,1051,0.9405940594059405,11111111111111111111111111111111111111011111111111111111111111111111111001111111100111111111111011111,0.9487179487179487,111111111111111111111111111111111111110111111111111111111011111111111111101101,0.20512820512820512,100000100000001000001001000100000100010000000010010010000010001000001000000011,0.8499496475327291,111111111111111111111111111011011110111111111111101101111111100000000001111111110000000001111111111110110111111111111111111111110111110111110111110111111111111111101111111100001111111111110111101111111111111111110111111111110011100000111011111111111111111110110000011011100111111111001100010111111111111111111111111111001111111011101111001111111111111011111111111111101111111110111101111110111111111110111110111110111111011111111111111100110000001110111111111111111111111111111111111111100111111111111111110101111111111011101111111110111111111011011111111111111110111111011011101110111111111111111111111111111111101110111111111111111111111111111111111110111111011111111011110111111111111111111111111111011111111111111111111111000001111111111111111111111110111111010111111011011001101110111110011111111110111111111110111100101110111111111011111111111111101101110111011011011011011011111111011111111011111111111111011111111101111101111100111111111111111111111010111110110111111111111111111111111,0.9565217391304348,11111110111111111111111
com.axios.core.tool.text.ArrayIter,LINE;BRANCH;CBRANCH;WEAKMUTATION;METHODTRACE,0.8424528301886792,1060,893,1.0,1111111111111111111111,1.0,111111111111111111,0.0,000000000000000000,0.8499496475327291,111111111111111111111111111011011110111111111111101101111111100000000001111111110000000001111111111110110111111111111111111111110111110111110111110111111111111111101111111100001111111111110111101111111111111111110111111111110011100000111011111111111111111110110000011011100111111111001100010111111111111111111111111111001111111011101111001111111111111011111111111111101111111110111101111110111111111110111110111110111111011111111111111100110000001110111111111111111111111111111111111111100111111111111111110101111111111011101111111110111111111011011111111111111110111111011011101110111111111111111111111111111111101110111111111111111111111111111111111110111111011111111011110111111111111111111111111111011111111111111111111111000001111111111111111111111110111111010111111011011001101110111110011111111110111111111110111100101110111111111011111111111111101101110111011011011011011011111111011111111011111111111111011111111101111101111100111111111111111111111010111110110111111111111111111111111,1.0,111111111
com.axios.core.tool.text.IterableIter,LINE;BRANCH;CBRANCH;WEAKMUTATION;METHODTRACE,0.8495486459378134,997,847,1.0,1,1.0,1,0.0,0,0.8499496475327291,111111111111111111111111111011011110111111111111101101111111100000000001111111110000000001111111111110110111111111111111111111110111110111110111110111111111111111101111111100001111111111110111101111111111111111110111111111110011100000111011111111111111111110110000011011100111111111001100010111111111111111111111111111001111111011101111001111111111111011111111111111101111111110111101111110111111111110111110111110111111011111111111111100110000001110111111111111111111111111111111111111100111111111111111110101111111111011101111111110111111111011011111111111111110111111011011101110111111111111111111111111111111101110111111111111111111111111111111111110111111011111111011110111111111111111111111111111011111111111111111111111000001111111111111111111111110111111010111111011011001101110111110011111111110111111111110111100101110111111111011111111111111101101110111011011011011011011111111011111111011111111111111011111111101111101111100111111111111111111111010111110110111111111111111111111111,1.0,1
com.axios.core.tool.io.IoTool,LINE;BRANCH;CBRANCH;WEAKMUTATION;METHODTRACE,0.8327759197324415,1196,996,0.9885057471264368,111111111111111111111111111111111111011111111111111111111111111111111111111111111111111,0.9615384615384616,1111111111111111111111111111111111101111111101111111,0.07692307692307693,0101000000000000000100000000010000000000000000000000,0.8499496475327291,111111111111111111111111111011011110111111111111101101111111100000000001111111110000000001111111111110110111111111111111111111110111110111110111110111111111111111101111111100001111111111110111101111111111111111110111111111110011100000111011111111111111111110110000011011100111111111001100010111111111111111111111111111001111111011101111001111111111111011111111111111101111111110111101111110111111111110111110111110111111011111111111111100110000001110111111111111111111111111111111111111100111111111111111110101111111111011101111111110111111111011011111111111111110111111011011101110111111111111111111111111111111101110111111111111111111111111111111111110111111011111111011110111111111111111111111111111011111111111111111111111000001111111111111111111111110111111010111111011011001101110111110011111111110111111111110111100101110111111111011111111111111101101110111011011011011011011111111011111111011111111111111011111111101111101111100111111111111111111111010111110110111111111111111111111111,1.0,111111111111
com.axios.core.tool.io.StreamCopier,LINE;BRANCH;CBRANCH;WEAKMUTATION;METHODTRACE,0.851104707012488,1041,886,1.0,111111111111111111111111,0.9,1111011111,0.5,1010011100,0.8499496475327291,111111111111111111111111111011011110111111111111101101111111100000000001111111110000000001111111111110110111111111111111111111110111110111110111110111111111111111101111111100001111111111110111101111111111111111110111111111110011100000111011111111111111111110110000011011100111111111001100010111111111111111111111111111001111111011101111001111111111111011111111111111101111111110111101111110111111111110111110111110111111011111111111111100110000001110111111111111111111111111111111111111100111111111111111110101111111111011101111111110111111111011011111111111111110111111011011101110111111111111111111111111111111101110111111111111111111111111111111111110111111011111111011110111111111111111111111111111011111111111111111111111000001111111111111111111111110111111010111111011011001101110111110011111111110111111111110111100101110111111111011111111111111101101110111011011011011011011111111011111111011111111111111011111111101111101111100111111111111111111111010111110110111111111111111111111111,1.0,1111
com.axios.core.tool.io.IoCopier,LINE;BRANCH;CBRANCH;WEAKMUTATION;METHODTRACE,0.8473736372646185,1009,855,1.0,11111,1.0,11111,0.2,00010,0.8499496475327291,111111111111111111111111111011011110111111111111101101111111100000000001111111110000000001111111111110110111111111111111111111110111110111110111110111111111111111101111111100001111111111110111101111111111111111110111111111110011100000111011111111111111111110110000011011100111111111001100010111111111111111111111111111001111111011101111001111111111111011111111111111101111111110111101111110111111111110111110111110111111011111111111111100110000001110111111111111111111111111111111111111100111111111111111110101111111111011101111111110111111111011011111111111111110111111011011101110111111111111111111111111111111101110111111111111111111111111111111111110111111011111111011110111111111111111111111111111011111111111111111111111000001111111111111111111111110111111010111111011011001101110111110011111111110111111111110111100101110111111111011111111111111101101110111011011011011011011111111011111111011111111111111011111111101111101111100111111111111111111111010111110110111111111111111111111111,0.0,0
com.axios.core.tool.io.FastByteBuffer,LINE;BRANCH;CBRANCH;WEAKMUTATION;METHODTRACE,0.837171052631579,1216,1018,1.0,1111111111111111111111111111111111111111111111111111111111111111111111111111111111111111111111111111111111,1.0,111111111111111111111111111111111111111111111111111,0.0392156862745098,000000010000000000000000000000000000000100000000000,0.8499496475327291,111111111111111111111111111011011110111111111111101101111111100000000001111111110000000001111111111110110111111111111111111111110111110111110111110111111111111111101111111100001111111111110111101111111111111111110111111111110011100000111011111111111111111110110000011011100111111111001100010111111111111111111111111111001111111011101111001111111111111011111111111111101111111110111101111110111111111110111110111110111111011111111111111100110000001110111111111111111111111111111111111111100111111111111111110101111111111011101111111110111111111011011111111111111110111111011011101110111111111111111111111111111111101110111111111111111111111111111111111110111111011111111011110111111111111111111111111111011111111111111111111111000001111111111111111111111110111111010111111011011001101110111110011111111110111111111110111100101110111111111011111111111111101101110111011011011011011011111111011111111011111111111111011111111101111101111100111111111111111111111010111110110111111111111111111111111,1.0,111111111111111
com.axios.core.tool.io.FastByteArrayOutputStream,LINE;BRANCH;CBRANCH;WEAKMUTATION;METHODTRACE,0.8460111317254174,1078,912,1.0,1111111111111111111111111111111,0.9523809523809523,111111111111111111110,0.23809523809523808,000001000000011000101,0.8499496475327291,111111111111111111111111111011011110111111111111101101111111100000000001111111110000000001111111111110110111111111111111111111110111110111110111110111111111111111101111111100001111111111110111101111111111111111110111111111110011100000111011111111111111111110110000011011100111111111001100010111111111111111111111111111001111111011101111001111111111111011111111111111101111111110111101111110111111111110111110111110111111011111111111111100110000001110111111111111111111111111111111111111100111111111111111110101111111111011101111111110111111111011011111111111111110111111011011101110111111111111111111111111111111101110111111111111111111111111111111111110111111011111111011110111111111111111111111111111011111111111111111111111000001111111111111111111111110111111010111111011011001101110111110011111111110111111111110111100101110111111111011111111111111101101110111011011011011011011111111011111111011111111111111011111111101111101111100111111111111111111111010111110110111111111111111111111111,1.0,111111111111
com.axios.core.matcher.Matcher,LINE;BRANCH;CBRANCH;WEAKMUTATION;METHODTRACE,0.8490945674044266,994,844,1.0,1,1.0,1,1.0,1,0.8499496475327291,111111111111111111111111111011011110111111111111101101111111100000000001111111110000000001111111111110110111111111111111111111110111110111110111110111111111111111101111111100001111111111110111101111111111111111110111111111110011100000111011111111111111111110110000011011100111111111001100010111111111111111111111111111001111111011101111001111111111111011111111111111101111111110111101111110111111111110111110111110111111011111111111111100110000001110111111111111111111111111111111111111100111111111111111110101111111111011101111111110111111111011011111111111111110111111011011101110111111111111111111111111111111101110111111111111111111111111111111111110111111011111111011110111111111111111111111111111011111111111111111111111000001111111111111111111111110111111010111111011011001101110111110011111111110111111111110111100101110111111111011111111111111101101110111011011011011011011111111011111111011111111111111011111111101111101111100111111111111111111111010111110110111111111111111111111111,0.0,0
com.axios.core.body.RequestBody,LINE;BRANCH;CBRANCH;WEAKMUTATION;METHODTRACE,0.8490945674044266,994,844,1.0,1,1.0,1,1.0,1,0.8499496475327291,111111111111111111111111111011011110111111111111101101111111100000000001111111110000000001111111111110110111111111111111111111110111110111110111110111111111111111101111111100001111111111110111101111111111111111110111111111110011100000111011111111111111111110110000011011100111111111001100010111111111111111111111111111001111111011101111001111111111111011111111111111101111111110111101111110111111111110111110111110111111011111111111111100110000001110111111111111111111111111111111111111100111111111111111110101111111111011101111111110111111111011011111111111111110111111011011101110111111111111111111111111111111101110111111111111111111111111111111111110111111011111111011110111111111111111111111111111011111111111111111111111000001111111111111111111111110111111010111111011011001101110111110011111111110111111111110111100101110111111111011111111111111101101110111011011011011011011111111011111111011111111111111011111111101111101111100111111111111111111111010111110110111111111111111111111111,0.0,0
com.axios.core.body.MultipartBody,LINE;BRANCH;CBRANCH;WEAKMUTATION;METHODTRACE,0.8527777777777777,1080,921,0.9473684210526315,11111111111111111111111111110011111111,1.0,111111111111111111111,0.6190476190476191,000100101111110011111,0.8499496475327291,111111111111111111111111111011011110111111111111101101111111100000000001111111110000000001111111111110110111111111111111111111110111110111110111110111111111111111101111111100001111111111110111101111111111111111110111111111110011100000111011111111111111111110110000011011100111111111001100010111111111111111111111111111001111111011101111001111111111111011111111111111101111111110111101111110111111111110111110111110111111011111111111111100110000001110111111111111111111111111111111111111100111111111111111110101111111111011101111111110111111111011011111111111111110111111011011101110111111111111111111111111111111101110111111111111111111111111111111111110111111011111111011110111111111111111111111111111011111111111111111111111000001111111111111111111111110111111010111111011011001101110111110011111111110111111111110111100101110111111111011111111111111101101110111011011011011011011111111011111111011111111111111011111111101111101111100111111111111111111111010111110110111111111111111111111111,1.0,1111111
com.axios.core.requestMethod.RequestMethod,LINE;BRANCH;CBRANCH;WEAKMUTATION;METHODTRACE,0.8499496475327291,993,844,1.0,1,1.0,1,1.0,1,0.8499496475327291,111111111111111111111111111011011110111111111111101101111111100000000001111111110000000001111111111110110111111111111111111111110111110111110111110111111111111111101111111100001111111111110111101111111111111111110111111111110011100000111011111111111111111110110000011011100111111111001100010111111111111111111111111111001111111011101111001111111111111011111111111111101111111110111101111110111111111110111110111110111111011111111111111100110000001110111111111111111111111111111111111111100111111111111111110101111111111011101111111110111111111011011111111111111110111111011011101110111111111111111111111111111111101110111111111111111111111111111111111110111111011111111011110111111111111111111111111111011111111111111111111111000001111111111111111111111110111111010111111011011001101110111110011111111110111111111110111100101110111111111011111111111111101101110111011011011011011011111111011111111011111111111111011111111101111101111100111111111111111111111010111110110111111111111111111111111,1.0,1
com.axios.core.http.url.UrlBuilder,LINE;BRANCH;CBRANCH;WEAKMUTATION;METHODTRACE,0.836038961038961,1232,1030,1.0,1111111111111111111111111111111111111111111111111111111111111111111111111111111111111111111111,1.0,11111111111111111111111111111111111111111111111111111,0.0,00000000000000000000000000000000000000000000000000000,0.8499496475327291,111111111111111111111111111011011110111111111111101101111111100000000001111111110000000001111111111110110111111111111111111111110111110111110111110111111111111111101111111100001111111111110111101111111111111111110111111111110011100000111011111111111111111110110000011011100111111111001100010111111111111111111111111111001111111011101111001111111111111011111111111111101111111110111101111110111111111110111110111110111111011111111111111100110000001110111111111111111111111111111111111111100111111111111111110101111111111011101111111110111111111011011111111111111110111111011011101110111111111111111111111111111111101110111111111111111111111111111111111110111111011111111011110111111111111111111111111111011111111111111111111111000001111111111111111111111110111111010111111011011001101110111110011111111110111111111110111100101110111111111011111111111111101101110111011011011011011011111111011111111011111111111111011111111101111101111100111111111111111111111010111110110111111111111111111111111,1.0,111111111111111111111111111111111111111
com.axios.core.http.url.UrlPath,LINE;BRANCH;CBRANCH;WEAKMUTATION;METHODTRACE,0.8428184281842819,1107,933,1.0,111111111111111111111111111111111111111111111,0.9666666666666667,111111111111111111111111111011,0.2,010000000000101010010000000100,0.8499496475327291,111111111111111111111111111011011110111111111111101101111111100000000001111111110000000001111111111110110111111111111111111111110111110111110111110111111111111111101111111100001111111111110111101111111111111111110111111111110011100000111011111111111111111110110000011011100111111111001100010111111111111111111111111111001111111011101111001111111111111011111111111111101111111110111101111110111111111110111110111110111111011111111111111100110000001110111111111111111111111111111111111111100111111111111111110101111111111011101111111110111111111011011111111111111110111111011011101110111111111111111111111111111111101110111111111111111111111111111111111110111111011111111011110111111111111111111111111111011111111111111111111111000001111111111111111111111110111111010111111011011001101110111110011111111110111111111110111100101110111111111011111111111111101101110111011011011011011011111111011111111011111111111111011111111101111101111100111111111111111111111010111110110111111111111111111111111,1.0,111111111
com.axios.core.http.url.URLDecoder,LINE;BRANCH;CBRANCH;WEAKMUTATION;METHODTRACE,0.8375912408759124,1096,918,0.9411764705882353,1111110111101111111111111111111111,0.9375,11111110111111111111111111111110,0.21875,00100111010000000000010010000000,0.8499496475327291,111111111111111111111111111011011110111111111111101101111111100000000001111111110000000001111111111110110111111111111111111111110111110111110111110111111111111111101111111100001111111111110111101111111111111111110111111111110011100000111011111111111111111110110000011011100111111111001100010111111111111111111111111111001111111011101111001111111111111011111111111111101111111110111101111110111111111110111110111110111111011111111111111100110000001110111111111111111111111111111111111111100111111111111111110101111111111011101111111110111111111011011111111111111110111111011011101110111111111111111111111111111111101110111111111111111111111111111111111110111111011111111011110111111111111111111111111111011111111111111111111111000001111111111111111111111110111111010111111011011001101110111110011111111110111111111110111100101110111111111011111111111111101101110111011011011011011011111111011111111011111111111111011111111101111101111100111111111111111111111010111110110111111111111111111111111,1.0,11111
com.axios.core.http.url.FormUrlencoded,LINE;BRANCH;CBRANCH;WEAKMUTATION;METHODTRACE,0.8495486459378134,997,847,1.0,1,1.0,1,0.0,0,0.8499496475327291,111111111111111111111111111011011110111111111111101101111111100000000001111111110000000001111111111110110111111111111111111111110111110111110111110111111111111111101111111100001111111111110111101111111111111111110111111111110011100000111011111111111111111110110000011011100111111111001100010111111111111111111111111111001111111011101111001111111111111011111111111111101111111110111101111110111111111110111110111110111111011111111111111100110000001110111111111111111111111111111111111111100111111111111111110101111111111011101111111110111111111011011111111111111110111111011011101110111111111111111111111111111111101110111111111111111111111111111111111110111111011111111011110111111111111111111111111111011111111111111111111111000001111111111111111111111110111111010111111011011001101110111110011111111110111111111110111100101110111111111011111111111111101101110111011011011011011011111111011111111011111111111111011111111101111101111100111111111111111111111010111110110111111111111111111111111,1.0,1
com.axios.core.http.url.UrlQuery,LINE;BRANCH;CBRANCH;WEAKMUTATION;METHODTRACE,0.8313349320543565,1251,1040,0.9545454545454546,1111111111111111111111111111111111111111111111111111111111111111111111111110101100111111,0.9078947368421053,1001111111111101111111111111111101111111111111110111101011111111111111111111,0.32894736842105265,0001001000101001000101100100011011100000001000001010000000001001101101100100,0.8499496475327291,111111111111111111111111111011011110111111111111101101111111100000000001111111110000000001111111111110110111111111111111111111110111110111110111110111111111111111101111111100001111111111110111101111111111111111110111111111110011100000111011111111111111111110110000011011100111111111001100010111111111111111111111111111001111111011101111001111111111111011111111111111101111111110111101111110111111111110111110111110111111011111111111111100110000001110111111111111111111111111111111111111100111111111111111110101111111111011101111111110111111111011011111111111111110111111011011101110111111111111111111111111111111101110111111111111111111111111111111111110111111011111111011110111111111111111111111111111011111111111111111111111000001111111111111111111111110111111010111111011011001101110111110011111111110111111111110111100101110111111111011111111111111101101110111011011011011011011111111011111111011111111111111011111111101111101111100111111111111111111111010111110110111111111111111111111111,1.0,111111111111111111
com.axios.core.http.HttpInterceptor,LINE;BRANCH;CBRANCH;WEAKMUTATION;METHODTRACE,0.8465396188565697,997,844,1.0,1,1.0,1,1.0,1,0.8499496475327291,111111111111111111111111111011011110111111111111101101111111100000000001111111110000000001111111111110110111111111111111111111110111110111110111110111111111111111101111111100001111111111110111101111111111111111110111111111110011100000111011111111111111111110110000011011100111111111001100010111111111111111111111111111001111111011101111001111111111111011111111111111101111111110111101111110111111111110111110111110111111011111111111111100110000001110111111111111111111111111111111111111100111111111111111110101111111111011101111111110111111111011011111111111111110111111011011101110111111111111111111111111111111101110111111111111111111111111111111111110111111011111111011110111111111111111111111111111011111111111111111111111000001111111111111111111111110111111010111111011011001101110111110011111111110111111111110111100101110111111111011111111111111101101110111011011011011011011111111011111111011111111111111011111111101111101111100111111111111111111111010111110110111111111111111111111111,0.0,0000
com.axios.core.http.HttpDownloader,LINE;BRANCH;CBRANCH;WEAKMUTATION;METHODTRACE,0.8389585342333655,1037,870,0.7647058823529411,11101111111111000,0.6,1111110000,0.0,0000000000,0.8499496475327291,111111111111111111111111111011011110111111111111101101111111100000000001111111110000000001111111111110110111111111111111111111110111110111110111110111111111111111101111111100001111111111110111101111111111111111110111111111110011100000111011111111111111111110110000011011100111111111001100010111111111111111111111111111001111111011101111001111111111111011111111111111101111111110111101111110111111111110111110111110111111011111111111111100110000001110111111111111111111111111111111111111100111111111111111110101111111111011101111111110111111111011011111111111111110111111011011101110111111111111111111111111111111101110111111111111111111111111111111111110111111011111111011110111111111111111111111111111011111111111111111111111000001111111111111111111111110111111010111111011011001101110111110011111111110111111111110111100101110111111111011111111111111101101110111011011011011011011111111011111111011111111111111011111111101111101111100111111111111111111111010111110110111111111111111111111111,1.0,1111111
com.axios.core.http.HttpRequest,LINE;BRANCH;CBRANCH;WEAKMUTATION;METHODTRACE,0.7813253012048192,1660,1297,0.8333333333333334,111111111111111111111111111111111111111111111111111111111111111111111111101000111111101111111111111111111111111111111111111111111111100111000010111111111111101111110000000000000001111111000001111110111000110111111111111111111111110111,0.7736842105263158,1111111111111111111111111111111111111111111011111111111111111111111011111111111000111111111111101000111111111111011000111100000000101111111111000000001111111011110000000000101111101111111111,0.30526315789473685,0101000001010000101001111100001000000000100000000000010010000000110100000010101011001000101100010001000000000011001100000100110100010011000010101001100001000000000000001000101101011001110110,0.8499496475327291,111111111111111111111111111011011110111111111111101101111111100000000001111111110000000001111111111110110111111111111111111111110111110111110111110111111111111111101111111100001111111111110111101111111111111111110111111111110011100000111011111111111111111110110000011011100111111111001100010111111111111111111111111111001111111011101111001111111111111011111111111111101111111110111101111110111111111110111110111110111111011111111111111100110000001110111111111111111111111111111111111111100111111111111111110101111111111011101111111110111111111011011111111111111110111111011011101110111111111111111111111111111111101110111111111111111111111111111111111110111111011111111011110111111111111111111111111111011111111111111111111111000001111111111111111111111110111111010111111011011001101110111110011111111110111111111110111100101110111111111011111111111111101101110111011011011011011011111111011111111011111111111111011111111101111101111100111111111111111111111010111110110111111111111111111111111,1.0,11111111111111111111111111111111111111111111111111111
com.axios.core.http.lang.Chain,LINE;BRANCH;CBRANCH;WEAKMUTATION;METHODTRACE,0.8490945674044266,994,844,1.0,1,1.0,1,1.0,1,0.8499496475327291,111111111111111111111111111011011110111111111111101101111111100000000001111111110000000001111111111110110111111111111111111111110111110111110111110111111111111111101111111100001111111111110111101111111111111111110111111111110011100000111011111111111111111110110000011011100111111111001100010111111111111111111111111111001111111011101111001111111111111011111111111111101111111110111101111110111111111110111110111110111111011111111111111100110000001110111111111111111111111111111111111111100111111111111111110101111111111011101111111110111111111011011111111111111110111111011011101110111111111111111111111111111111101110111111111111111111111111111111111110111111011111111011110111111111111111111111111111011111111111111111111111000001111111111111111111111110111111010111111011011001101110111110011111111110111111111110111100101110111111111011111111111111101101110111011011011011011011111111011111111011111111111111011111111101111101111100111111111111111111111010111110110111111111111111111111111,0.0,0
com.axios.core.http.HttpBase,LINE;BRANCH;CBRANCH;WEAKMUTATION;METHODTRACE,0.8344594594594594,1184,988,1.0,1111111111111111111111111111111111111111111111111111111111111111111111111111,1.0,11111111111111111111111111111111111111111111111,0.0,00000000000000000000000000000000000000000000000,0.8499496475327291,111111111111111111111111111011011110111111111111101101111111100000000001111111110000000001111111111110110111111111111111111111110111110111110111110111111111111111101111111100001111111111110111101111111111111111110111111111110011100000111011111111111111111110110000011011100111111111001100010111111111111111111111111111001111111011101111001111111111111011111111111111101111111110111101111110111111111110111110111110111111011111111111111100110000001110111111111111111111111111111111111111100111111111111111110101111111111011101111111110111111111011011111111111111110111111011011101110111111111111111111111111111111101110111111111111111111111111111111111110111111011111111011110111111111111111111111111111011111111111111111111111000001111111111111111111111110111111010111111011011001101110111110011111111110111111111110111100101110111111111011111111111111101101110111011011011011011011111111011111111011111111111111011111111101111101111100111111111111111111111010111110110111111111111111111111111,1.0,111111111111111111111
com.axios.core.type.ContentType,LINE;BRANCH;CBRANCH;WEAKMUTATION;METHODTRACE,0.8104517271922055,1129,915,0.75,111111111111111111111101101110000000,0.6086956521739131,1111110000000011111111111111111001000001111000,0.17391304347826086,0000000000000110010011000000000010000001010000,0.8499496475327291,111111111111111111111111111011011110111111111111101101111111100000000001111111110000000001111111111110110111111111111111111111110111110111110111110111111111111111101111111100001111111111110111101111111111111111110111111111110011100000111011111111111111111110110000011011100111111111001100010111111111111111111111111111001111111011101111001111111111111011111111111111101111111110111101111110111111111110111110111110111111011111111111111100110000001110111111111111111111111111111111111111100111111111111111110101111111111011101111111110111111111011011111111111111110111111011011101110111111111111111111111111111111101110111111111111111111111111111111111110111111011111111011110111111111111111111111111111011111111111111111111111000001111111111111111111111110111111010111111011011001101110111110011111111110111111111110111100101110111111111011111111111111101101110111011011011011011011111111011111111011111111111111011111111101111101111100111111111111111111111010111110110111111111111111111111111,1.0,11111111
com.axios.core.connection.Connection,LINE;BRANCH;CBRANCH;WEAKMUTATION;METHODTRACE,0.8060747663551402,1284,1035,0.8508771929824561,111111100011111111111111111111111111111111111111111000111111111111111111111111101111110110101110001101111000111111,0.7916666666666666,111111111111111111011110000011111111110110011101011101011111101101111111,0.05555555555555555,000000100000000000000010000000000000000001000000000000000001000000000000,0.8499496475327291,111111111111111111111111111011011110111111111111101101111111100000000001111111110000000001111111111110110111111111111111111111110111110111110111110111111111111111101111111100001111111111110111101111111111111111110111111111110011100000111011111111111111111110110000011011100111111111001100010111111111111111111111111111001111111011101111001111111111111011111111111111101111111110111101111110111111111110111110111110111111011111111111111100110000001110111111111111111111111111111111111111100111111111111111110101111111111011101111111110111111111011011111111111111110111111011011101110111111111111111111111111111111101110111111111111111111111111111111111110111111011111111011110111111111111111111111111111011111111111111111111111000001111111111111111111111110111111010111111011011001101110111110011111111110111111111110111100101110111111111011111111111111101101110111011011011011011011111111011111111011111111111111011111111101111101111100111111111111111111111010111110110111111111111111111111111,1.0,111111111111111111111111111111111
com.axios.core.resource.FileResource,LINE;BRANCH;CBRANCH;WEAKMUTATION;METHODTRACE,0.8421550094517959,1058,891,0.8461538461538461,11111111111111110011110011,0.8666666666666667,111111111111100,0.2,000000010100100,0.8499496475327291,111111111111111111111111111011011110111111111111101101111111100000000001111111110000000001111111111110110111111111111111111111110111110111110111110111111111111111101111111100001111111111110111101111111111111111110111111111110011100000111011111111111111111110110000011011100111111111001100010111111111111111111111111111001111111011101111001111111111111011111111111111101111111110111101111110111111111110111110111110111111011111111111111100110000001110111111111111111111111111111111111111100111111111111111110101111111111011101111111110111111111011011111111111111110111111011011101110111111111111111111111111111111101110111111111111111111111111111111111110111111011111111011110111111111111111111111111111011111111111111111111111000001111111111111111111111110111111010111111011011001101110111110011111111110111111111110111100101110111111111011111111111111101101110111011011011011011011111111011111111011111111111111011111111101111101111100111111111111111111111010111110110111111111111111111111111,1.0,111111111
com.axios.core.resource.BytesResource,LINE;BRANCH;CBRANCH;WEAKMUTATION;METHODTRACE,0.8497109826589595,1038,882,1.0,1111111111111111,1.0,11111111111,0.36363636363636365,01010100001,0.8499496475327291,111111111111111111111111111011011110111111111111101101111111100000000001111111110000000001111111111110110111111111111111111111110111110111110111110111111111111111101111111100001111111111110111101111111111111111110111111111110011100000111011111111111111111110110000011011100111111111001100010111111111111111111111111111001111111011101111001111111111111011111111111111101111111110111101111110111111111110111110111110111111011111111111111100110000001110111111111111111111111111111111111111100111111111111111110101111111111011101111111110111111111011011111111111111110111111011011101110111111111111111111111111111111101110111111111111111111111111111111111110111111011111111011110111111111111111111111111111011111111111111111111111000001111111111111111111111110111111010111111011011001101110111110011111111110111111111110111100101110111111111011111111111111101101110111011011011011011011111111011111111011111111111111011111111101111101111100111111111111111111111010111110110111111111111111111111111,1.0,1111111
com.axios.core.resource.MultiFileResource,LINE;BRANCH;CBRANCH;WEAKMUTATION;METHODTRACE,0.8460038986354775,1026,868,0.8571428571428571,01101111111111,1.0,1111111,0.0,0000000,0.8499496475327291,111111111111111111111111111011011110111111111111101101111111100000000001111111110000000001111111111110110111111111111111111111110111110111110111110111111111111111101111111100001111111111110111101111111111111111110111111111110011100000111011111111111111111110110000011011100111111111001100010111111111111111111111111111001111111011101111001111111111111011111111111111101111111110111101111110111111111110111110111110111111011111111111111100110000001110111111111111111111111111111111111111100111111111111111110101111111111011101111111110111111111011011111111111111110111111011011101110111111111111111111111111111111101110111111111111111111111111111111111110111111011111111011110111111111111111111111111111011111111111111111111111000001111111111111111111111110111111010111111011011001101110111110011111111110111111111110111100101110111111111011111111111111101101110111011011011011011011111111011111111011111111111111011111111101111101111100111111111111111111111010111110110111111111111111111111111,1.0,11111
com.axios.core.resource.Resource,LINE;BRANCH;CBRANCH;WEAKMUTATION;METHODTRACE,0.8357487922705314,1035,865,0.9,1111011111,0.5833333333333334,111101101000,0.0,000000000000,0.8499496475327291,111111111111111111111111111011011110111111111111101101111111100000000001111111110000000001111111111110110111111111111111111111110111110111110111110111111111111111101111111100001111111111110111101111111111111111110111111111110011100000111011111111111111111110110000011011100111111111001100010111111111111111111111111111001111111011101111001111111111111011111111111111101111111110111101111110111111111110111110111110111111011111111111111100110000001110111111111111111111111111111111111111100111111111111111110101111111111011101111111110111111111011011111111111111110111111011011101110111111111111111111111111111111101110111111111111111111111111111111111110111111011111111011110111111111111111111111111111011111111111111111111111000001111111111111111111111110111111010111111011011001101110111110011111111110111111111110111100101110111111111011111111111111101101110111011011011011011011111111011111111011111111111111011111111101111101111100111111111111111111111010111110110111111111111111111111111,0.625,01111001
com.axios.core.resource.MultiResource,LINE;BRANCH;CBRANCH;WEAKMUTATION;METHODTRACE,0.844954128440367,1090,921,1.0,1111111111111111111111111111111111,0.9583333333333334,111111111111111011111111,0.20833333333333334,000001010000000010000011,0.8499496475327291,111111111111111111111111111011011110111111111111101101111111100000000001111111110000000001111111111110110111111111111111111111110111110111110111110111111111111111101111111100001111111111110111101111111111111111110111111111110011100000111011111111111111111110110000011011100111111111001100010111111111111111111111111111001111111011101111001111111111111011111111111111101111111110111101111110111111111110111110111110111111011111111111111100110000001110111111111111111111111111111111111111100111111111111111110101111111111011101111111110111111111011011111111111111110111111011011101110111111111111111111111111111111101110111111111111111111111111111111111110111111011111111011110111111111111111111111111111011111111111111111111111000001111111111111111111111110111111010111111011011001101110111110011111111110111111111110111100101110111111111011111111111111101101110111011011011011011011111111011111111011111111111111011111111101111101111100111111111111111111111010111110110111111111111111111111111,1.0,111111111111111
com.axios.core.mutable.Mutable,LINE;BRANCH;CBRANCH;WEAKMUTATION;METHODTRACE,0.8482412060301507,995,844,1.0,1,1.0,1,1.0,1,0.8499496475327291,111111111111111111111111111011011110111111111111101101111111100000000001111111110000000001111111111110110111111111111111111111110111110111110111110111111111111111101111111100001111111111110111101111111111111111110111111111110011100000111011111111111111111110110000011011100111111111001100010111111111111111111111111111001111111011101111001111111111111011111111111111101111111110111101111110111111111110111110111110111111011111111111111100110000001110111111111111111111111111111111111111100111111111111111110101111111111011101111111110111111111011011111111111111110111111011011101110111111111111111111111111111111101110111111111111111111111111111111111110111111011111111011110111111111111111111111111111011111111111111111111111000001111111111111111111111110111111010111111011011001101110111110011111111110111111111110111100101110111111111011111111111111101101110111011011011011011011111111011111111011111111111111011111111101111101111100111111111111111111111010111110110111111111111111111111111,0.0,00
com.axios.core.mutable.MutableObj,LINE;BRANCH;CBRANCH;WEAKMUTATION;METHODTRACE,0.8440191387559809,1045,882,1.0,111111111111111111,1.0,11111111111111,0.0,00000000000000,0.8499496475327291,111111111111111111111111111011011110111111111111101101111111100000000001111111110000000001111111111110110111111111111111111111110111110111110111110111111111111111101111111100001111111111110111101111111111111111110111111111110011100000111011111111111111111110110000011011100111111111001100010111111111111111111111111111001111111011101111001111111111111011111111111111101111111110111101111110111111111110111110111110111111011111111111111100110000001110111111111111111111111111111111111111100111111111111111110101111111111011101111111110111111111011011111111111111110111111011011101110111111111111111111111111111111101110111111111111111111111111111111111110111111011111111011110111111111111111111111111111011111111111111111111111000001111111111111111111111110111111010111111011011001101110111110011111111110111111111110111100101110111111111011111111111111101101110111011011011011011011111111011111111011111111111111011111111101111101111100111111111111111111111010111110110111111111111111111111111,1.0,111111
com.axios.core.manager.DefaultTrustManager,LINE;BRANCH;CBRANCH;WEAKMUTATION;METHODTRACE,0.8468292682926829,1025,868,1.0,11111111,1.0,11111111,0.0,00000000,0.8499496475327291,111111111111111111111111111011011110111111111111101101111111100000000001111111110000000001111111111110110111111111111111111111110111110111110111110111111111111111101111111100001111111111110111101111111111111111110111111111110011100000111011111111111111111110110000011011100111111111001100010111111111111111111111111111001111111011101111001111111111111011111111111111101111111110111101111110111111111110111110111110111111011111111111111100110000001110111111111111111111111111111111111111100111111111111111110101111111111011101111111110111111111011011111111111111110111111011011101110111111111111111111111111111111101110111111111111111111111111111111111110111111011111111011110111111111111111111111111111011111111111111111111111000001111111111111111111111110111111010111111011011001101110111110011111111110111111111110111100101110111111111011111111111111101101110111011011011011011011111111011111111011111111111111011111111101111101111100111111111111111111111010111110110111111111111111111111111,1.0,11111111
com.axios.core.strem.HttpInputStream,LINE;BRANCH;CBRANCH;WEAKMUTATION;METHODTRACE,0.8365831012070566,1077,901,0.8620689655172413,11111111111111111111111000101,0.6956521739130435,11111111111011110001000,0.30434782608695654,01010100010000100100100,0.8499496475327291,111111111111111111111111111011011110111111111111101101111111100000000001111111110000000001111111111110110111111111111111111111110111110111110111110111111111111111101111111100001111111111110111101111111111111111110111111111110011100000111011111111111111111110110000011011100111111111001100010111111111111111111111111111001111111011101111001111111111111011111111111111101111111110111101111110111111111110111110111110111111011111111111111100110000001110111111111111111111111111111111111111100111111111111111110101111111111011101111111110111111111011011111111111111110111111011011101110111111111111111111111111111111101110111111111111111111111111111111111110111111011111111011110111111111111111111111111111011111111111111111111111000001111111111111111111111110111111010111111011011001101110111110011111111110111111111110111100101110111111111011111111111111101101110111011011011011011011111111011111111011111111111111011111111101111101111100111111111111111111111010111110110111111111111111111111111,1.0,111111111
com.axios.core.assertion.Assert,LINE;BRANCH;CBRANCH;WEAKMUTATION;METHODTRACE,0.8359592215013901,1079,902,1.0,11111111111111111111,1.0,1111111111111111111111111111,0.0,0000000000000000000000000000,0.8499496475327291,111111111111111111111111111011011110111111111111101101111111100000000001111111110000000001111111111110110111111111111111111111110111110111110111110111111111111111101111111100001111111111110111101111111111111111110111111111110011100000111011111111111111111110110000011011100111111111001100010111111111111111111111111111001111111011101111001111111111111011111111111111101111111110111101111110111111111110111110111110111111011111111111111100110000001110111111111111111111111111111111111111100111111111111111110101111111111011101111111110111111111011011111111111111110111111011011101110111111111111111111111111111111101110111111111111111111111111111111111110111111011111111011110111111111111111111111111111011111111111111111111111000001111111111111111111111110111111010111111011011001101110111110011111111110111111111110111100101110111111111011111111111111101101110111011011011011011011111111011111111011111111111111011111111101111101111100111111111111111111111010111110110111111111111111111111111,1.0,1111111111
com.axios.core.config.ssl.TrustAnyHostnameVerifier,LINE;BRANCH;CBRANCH;WEAKMUTATION;METHODTRACE,0.8491508491508492,1001,850,1.0,11,1.0,11,0.0,00,0.8499496475327291,111111111111111111111111111011011110111111111111101101111111100000000001111111110000000001111111111110110111111111111111111111110111110111110111110111111111111111101111111100001111111111110111101111111111111111110111111111110011100000111011111111111111111110110000011011100111111111001100010111111111111111111111111111001111111011101111001111111111111011111111111111101111111110111101111110111111111110111110111110111111011111111111111100110000001110111111111111111111111111111111111111100111111111111111110101111111111011101111111110111111111011011111111111111110111111011011101110111111111111111111111111111111101110111111111111111111111111111111111110111111011111111011110111111111111111111111111111011111111111111111111111000001111111111111111111111110111111010111111011011001101110111110011111111110111111111110111100101110111111111011111111111111101101110111011011011011011011111111011111111011111111111111011111111101111101111100111111111111111111111010111110110111111111111111111111111,1.0,11
com.axios.core.config.ssl.DefaultSSLFactory,LINE;BRANCH;CBRANCH;WEAKMUTATION;METHODTRACE,0.8486973947895792,998,847,0.5,01,1.0,1,0.0,0,0.8499496475327291,111111111111111111111111111011011110111111111111101101111111100000000001111111110000000001111111111110110111111111111111111111110111110111110111110111111111111111101111111100001111111111110111101111111111111111110111111111110011100000111011111111111111111110110000011011100111111111001100010111111111111111111111111111001111111011101111001111111111111011111111111111101111111110111101111110111111111110111110111110111111011111111111111100110000001110111111111111111111111111111111111111100111111111111111110101111111111011101111111110111111111011011111111111111110111111011011101110111111111111111111111111111111101110111111111111111111111111111111111110111111011111111011110111111111111111111111111111011111111111111111111111000001111111111111111111111110111111010111111011011001101110111110011111111110111111111110111100101110111111111011111111111111101101110111011011011011011011111111011111111011111111111111011111111101111101111100111111111111111111111010111110110111111111111111111111111,1.0,1
com.axios.core.config.ssl.DefaultSSLInfo,LINE;BRANCH;CBRANCH;WEAKMUTATION;METHODTRACE,0.8495486459378134,997,847,1.0,1,1.0,1,0.0,0,0.8499496475327291,111111111111111111111111111011011110111111111111101101111111100000000001111111110000000001111111111110110111111111111111111111110111110111110111110111111111111111101111111100001111111111110111101111111111111111110111111111110011100000111011111111111111111110110000011011100111111111001100010111111111111111111111111111001111111011101111001111111111111011111111111111101111111110111101111110111111111110111110111110111111011111111111111100110000001110111111111111111111111111111111111111100111111111111111110101111111111011101111111110111111111011011111111111111110111111011011101110111111111111111111111111111111101110111111111111111111111111111111111110111111011111111011110111111111111111111111111111011111111111111111111111000001111111111111111111111110111111010111111011011001101110111110011111111110111111111110111100101110111111111011111111111111101101110111011011011011011011111111011111111011111111111111011111111101111101111100111111111111111111111010111110110111111111111111111111111,1.0,1
com.axios.core.config.ssl.CustomProtocolsSSLFactory,LINE;BRANCH;CBRANCH;WEAKMUTATION;METHODTRACE,0.840152235965747,1051,883,0.6296296296296297,111111111100100100100100111,1.0,11111111111,0.18181818181818182,00100000010,0.8499496475327291,111111111111111111111111111011011110111111111111101101111111100000000001111111110000000001111111111110110111111111111111111111110111110111110111110111111111111111101111111100001111111111110111101111111111111111110111111111110011100000111011111111111111111110110000011011100111111111001100010111111111111111111111111111001111111011101111001111111111111011111111111111101111111110111101111110111111111110111110111110111111011111111111111100110000001110111111111111111111111111111111111111100111111111111111110101111111111011101111111110111111111011011111111111111110111111011011101110111111111111111111111111111111101110111111111111111111111111111111111110111111011111111011110111111111111111111111111111011111111111111111111111000001111111111111111111111110111111010111111011011001101110111110011111111110111111111110111100101110111111111011111111111111101101110111011011011011011011111111011111111011111111111111011111111101111101111100111111111111111111111010111110110111111111111111111111111,1.0,111111111
com.axios.core.config.ssl.SSLProtocols,LINE;BRANCH;CBRANCH;WEAKMUTATION;METHODTRACE,0.8499496475327291,993,844,1.0,1,1.0,1,1.0,1,0.8499496475327291,111111111111111111111111111011011110111111111111101101111111100000000001111111110000000001111111111110110111111111111111111111110111110111110111110111111111111111101111111100001111111111110111101111111111111111110111111111110011100000111011111111111111111110110000011011100111111111001100010111111111111111111111111111001111111011101111001111111111111011111111111111101111111110111101111110111111111110111110111110111111011111111111111100110000001110111111111111111111111111111111111111100111111111111111110101111111111011101111111110111111111011011111111111111110111111011011101110111111111111111111111111111111101110111111111111111111111111111111111110111111011111111011110111111111111111111111111111011111111111111111111111000001111111111111111111111110111111010111111011011001101110111110011111111110111111111110111100101110111111111011111111111111101101110111011011011011011011111111011111111011111111111111011111111101111101111100111111111111111111111010111110110111111111111111111111111,1.0,1
com.axios.core.config.ssl.AndroidSupportSSLFactory,LINE;BRANCH;CBRANCH;WEAKMUTATION;METHODTRACE,0.8496993987975952,998,848,1.0,11,1.0,1,0.0,0,0.8499496475327291,111111111111111111111111111011011110111111111111101101111111100000000001111111110000000001111111111110110111111111111111111111110111110111110111110111111111111111101111111100001111111111110111101111111111111111110111111111110011100000111011111111111111111110110000011011100111111111001100010111111111111111111111111111001111111011101111001111111111111011111111111111101111111110111101111110111111111110111110111110111111011111111111111100110000001110111111111111111111111111111111111111100111111111111111110101111111111011101111111110111111111011011111111111111110111111011011101110111111111111111111111111111111101110111111111111111111111111111111111110111111011111111011110111111111111111111111111111011111111111111111111111000001111111111111111111111110111111010111111011011001101110111110011111111110111111111110111100101110111111111011111111111111101101110111011011011011011011111111011111111011111111111111011111111101111101111100111111111111111111111010111110110111111111111111111111111,1.0,1
com.axios.core.config.global.HttpGlobalConfig,LINE;BRANCH;CBRANCH;WEAKMUTATION;METHODTRACE,0.8480392156862745,1020,865,1.0,111111111,1.0,111111,0.0,000000,0.8499496475327291,111111111111111111111111111011011110111111111111101101111111100000000001111111110000000001111111111110110111111111111111111111110111110111110111110111111111111111101111111100001111111111110111101111111111111111110111111111110011100000111011111111111111111110110000011011100111111111001100010111111111111111111111111111001111111011101111001111111111111011111111111111101111111110111101111110111111111110111110111110111111011111111111111100110000001110111111111111111111111111111111111111100111111111111111110101111111111011101111111110111111111011011111111111111110111111011011101110111111111111111111111111111111101110111111111111111111111111111111111110111111011111111011110111111111111111111111111111011111111111111111111111000001111111111111111111111110111111010111111011011001101110111110011111111110111111111110111100101110111111111011111111111111101101110111011011011011011011111111011111111011111111111111011111111101111101111100111111111111111111111010111110110111111111111111111111111,1.0,111111
com.axios.core.config.global.GlobalHeaders,LINE;BRANCH;CBRANCH;WEAKMUTATION;METHODTRACE,0.835431654676259,1112,929,0.9565217391304348,1111111111101111111111111111111111111011111111,0.9333333333333333,111111111111011111111111011111,0.0,000000000000000000000000000000,0.8499496475327291,111111111111111111111111111011011110111111111111101101111111100000000001111111110000000001111111111110110111111111111111111111110111110111110111110111111111111111101111111100001111111111110111101111111111111111110111111111110011100000111011111111111111111110110000011011100111111111001100010111111111111111111111111111001111111011101111001111111111111011111111111111101111111110111101111110111111111110111110111110111111011111111111111100110000001110111111111111111111111111111111111111100111111111111111110101111111111011101111111110111111111011011111111111111110111111011011101110111111111111111111111111111111101110111111111111111111111111111111111110111111011111111011110111111111111111111111111111011111111111111111111111000001111111111111111111111110111111010111111011011001101110111110011111111110111111111110111100101110111111111011111111111111101101110111011011011011011011111111011111111011111111111111011111111101111101111100111111111111111111111010111110110111111111111111111111111,1.0,1111111111111
com.axios.core.config.global.GlobalCookieManager,LINE;BRANCH;CBRANCH;WEAKMUTATION;METHODTRACE,0.8448940269749519,1038,877,0.8095238095238095,111111111001111110011,1.0,111111111,0.1111111111111111,000000010,0.8499496475327291,111111111111111111111111111011011110111111111111101101111111100000000001111111110000000001111111111110110111111111111111111111110111110111110111110111111111111111101111111100001111111111110111101111111111111111110111111111110011100000111011111111111111111110110000011011100111111111001100010111111111111111111111111111001111111011101111001111111111111011111111111111101111111110111101111110111111111110111110111110111111011111111111111100110000001110111111111111111111111111111111111111100111111111111111110101111111111011101111111110111111111011011111111111111110111111011011101110111111111111111111111111111111101110111111111111111111111111111111111110111111011111111011110111111111111111111111111111011111111111111111111111000001111111111111111111111110111111010111111011011001101110111110011111111110111111111110111100101110111111111011111111111111101101110111011011011011011011111111011111111011111111111111011111111101111101111100111111111111111111111010111110110111111111111111111111111,1.0,111111
com.axios.core.map.TableMap,LINE;BRANCH;CBRANCH;WEAKMUTATION;METHODTRACE,0.8298530549110595,1293,1073,0.883495145631068,1100011111111011110111111111111111111111111111111111111111111111111111110111111111111111101100000111111,0.8505747126436781,011111111111110111111111111111111111111011110000011111111011101110111111111011011111111,0.47126436781609193,000110010111110000001010011110011111100111000011001101010100101010000111001100010101000,0.8499496475327291,111111111111111111111111111011011110111111111111101101111111100000000001111111110000000001111111111110110111111111111111111111110111110111110111110111111111111111101111111100001111111111110111101111111111111111110111111111110011100000111011111111111111111110110000011011100111111111001100010111111111111111111111111111001111111011101111001111111111111011111111111111101111111110111101111110111111111110111110111110111111011111111111111100110000001110111111111111111111111111111111111111100111111111111111110101111111111011101111111110111111111011011111111111111110111111011011101110111111111111111111111111111111101110111111111111111111111111111111111110111111011111111011110111111111111111111111111111011111111111111111111111000001111111111111111111111110111111010111111011011001101110111110011111111110111111111110111100101110111111111011111111111111101101110111011011011011011011111111011111111011111111111111011111111101111101111100111111111111111111111010111110110111111111111111111111111,1.0,11111111111111111111111
com.axios.core.map.MapWrapper,LINE;BRANCH;CBRANCH;WEAKMUTATION;METHODTRACE,0.8379096545615589,1129,946,1.0,1111111111111111111111111111111111111111,1.0,1111111111111111111111111111111111,0.0,0000000000000000000000000000000000,0.8499496475327291,111111111111111111111111111011011110111111111111101101111111100000000001111111110000000001111111111110110111111111111111111111110111110111110111110111111111111111101111111100001111111111110111101111111111111111110111111111110011100000111011111111111111111110110000011011100111111111001100010111111111111111111111111111001111111011101111001111111111111011111111111111101111111110111101111110111111111110111110111110111111011111111111111100110000001110111111111111111111111111111111111111100111111111111111110101111111111011101111111110111111111011011111111111111110111111011011101110111111111111111111111111111111101110111111111111111111111111111111111110111111011111111011110111111111111111111111111111011111111111111111111111000001111111111111111111111110111111010111111011011001101110111110011111111110111111111110111100101110111111111011111111111111101101110111011011011011011011111111011111111011111111111111011111111101111101111100111111111111111111111010111110110111111111111111111111111,1.0,1111111111111111111111111111
com.axios.core.map.CustomKeyMap,LINE;BRANCH;CBRANCH;WEAKMUTATION;METHODTRACE,0.8466019417475729,1030,872,1.0,11111111111,1.0,111111111,0.0,000000000,0.8499496475327291,111111111111111111111111111011011110111111111111101101111111100000000001111111110000000001111111111110110111111111111111111111110111110111110111110111111111111111101111111100001111111111110111101111111111111111110111111111110011100000111011111111111111111110110000011011100111111111001100010111111111111111111111111111001111111011101111001111111111111011111111111111101111111110111101111110111111111110111110111110111111011111111111111100110000001110111111111111111111111111111111111111100111111111111111110101111111111011101111111110111111111011011111111111111110111111011011101110111111111111111111111111111111101110111111111111111111111111111111111110111111011111111011110111111111111111111111111111011111111111111111111111000001111111111111111111111110111111010111111011011001101110111110011111111110111111111110111100101110111111111011111111111111101101110111011011011011011011111111011111111011111111111111011111111101111101111100111111111111111111111010111110110111111111111111111111111,1.0,11111111
com.axios.core.map.CaseInsensitiveMap,LINE;BRANCH;CBRANCH;WEAKMUTATION;METHODTRACE,0.8500486854917235,1027,873,1.0,11111111111111,1.0,1111111,0.2857142857142857,0011000,0.8499496475327291,111111111111111111111111111011011110111111111111101101111111100000000001111111110000000001111111111110110111111111111111111111110111110111110111110111111111111111101111111100001111111111110111101111111111111111110111111111110011100000111011111111111111111110110000011011100111111111001100010111111111111111111111111111001111111011101111001111111111111011111111111111101111111110111101111110111111111110111110111110111111011111111111111100110000001110111111111111111111111111111111111111100111111111111111110101111111111011101111111110111111111011011111111111111110111111011011101110111111111111111111111111111111101110111111111111111111111111111111111110111111011111111011110111111111111111111111111111011111111111111111111111000001111111111111111111111110111111010111111011011001101110111110011111111110111111111110111100101110111111111011111111111111101101110111011011011011011011111111011111111011111111111111011111111101111101111100111111111111111111111010111110110111111111111111111111111,1.0,111111
com.axios.response.Response,LINE;BRANCH;CBRANCH;WEAKMUTATION;METHODTRACE,0.8476374156219865,1037,879,1.0,11111111111111111,1.0,111111111,0.0,000000000,0.8499496475327291,111111111111111111111111111011011110111111111111101101111111100000000001111111110000000001111111111110110111111111111111111111110111110111110111110111111111111111101111111100001111111111110111101111111111111111110111111111110011100000111011111111111111111110110000011011100111111111001100010111111111111111111111111111001111111011101111001111111111111011111111111111101111111110111101111110111111111110111110111110111111011111111111111100110000001110111111111111111111111111111111111111100111111111111111110101111111111011101111111110111111111011011111111111111110111111011011101110111111111111111111111111111111101110111111111111111111111111111111111110111111011111111011110111111111111111111111111111011111111111111111111111000001111111111111111111111110111111010111111011011001101110111110011111111110111111111110111100101110111111111011111111111111101101110111011011011011011011111111011111111011111111111111011111111101111101111100111111111111111111111010111110110111111111111111111111111,1.0,111111111
com.axios.response.HttpResponse,LINE;BRANCH;CBRANCH;WEAKMUTATION;METHODTRACE,0.7749809305873379,1311,1016,0.7101449275362319,111111111111000111111111110001111111110000011111111110011101110111111110011111111110111111111111110111101111011000111100000000000001110001,0.5128205128205128,111111111111111111101000001010000111000000011011011000000010111101101000000001,0.1282051282051282,100000000000111000000001001000000000000000000000000100000000010000011000000000,0.8499496475327291,111111111111111111111111111011011110111111111111101101111111100000000001111111110000000001111111111110110111111111111111111111110111110111110111110111111111111111101111111100001111111111110111101111111111111111110111111111110011100000111011111111111111111110110000011011100111111111001100010111111111111111111111111111001111111011101111001111111111111011111111111111101111111110111101111110111111111110111110111110111111011111111111111100110000001110111111111111111111111111111111111111100111111111111111110101111111111011101111111110111111111011011111111111111110111111011011101110111111111111111111111111111111101110111111111111111111111111111111111110111111011111111011110111111111111111111111111111011111111111111111111111000001111111111111111111111110111111010111111011011001101110111110011111111110111111111110111100101110111111111011111111111111101101110111011011011011011011111111011111111011111111111111011111111101111101111100111111111111111111111010111110110111111111111111111111111,1.0,111111111111111111111111
com.axios.method.Method,LINE;BRANCH;CBRANCH;WEAKMUTATION;METHODTRACE,0.8490945674044266,994,844,1.0,1,1.0,1,1.0,1,0.8499496475327291,111111111111111111111111111011011110111111111111101101111111100000000001111111110000000001111111111110110111111111111111111111110111110111110111110111111111111111101111111100001111111111110111101111111111111111110111111111110011100000111011111111111111111110110000011011100111111111001100010111111111111111111111111111001111111011101111001111111111111011111111111111101111111110111101111110111111111110111110111110111111011111111111111100110000001110111111111111111111111111111111111111100111111111111111110101111111111011101111111110111111111011011111111111111110111111011011101110111111111111111111111111111111101110111111111111111111111111111111111110111111011111111011110111111111111111111111111111011111111111111111111111000001111111111111111111111110111111010111111011011001101110111110011111111110111111111110111100101110111111111011111111111111101101110111011011011011011011111111011111111011111111111111011111111101111101111100111111111111111111111010111110110111111111111111111111111,0.0,0
com.axios.request.Body,LINE;BRANCH;CBRANCH;WEAKMUTATION;METHODTRACE,0.8490749756572541,1027,872,1.0,11111111111111111,1.0,111111,0.0,000000,0.8499496475327291,111111111111111111111111111011011110111111111111101101111111100000000001111111110000000001111111111110110111111111111111111111110111110111110111110111111111111111101111111100001111111111110111101111111111111111110111111111110011100000111011111111111111111110110000011011100111111111001100010111111111111111111111111111001111111011101111001111111111111011111111111111101111111110111101111110111111111110111110111110111111011111111111111100110000001110111111111111111111111111111111111111100111111111111111110101111111111011101111111110111111111011011111111111111110111111011011101110111111111111111111111111111111101110111111111111111111111111111111111110111111011111111011110111111111111111111111111111011111111111111111111111000001111111111111111111111110111111010111111011011001101110111110011111111110111111111110111100101110111111111011111111111111101101110111011011011011011011111111011111111011111111111111011111111101111101111100111111111111111111111010111110110111111111111111111111111,1.0,11111
com.axios.request.Request,LINE;BRANCH;CBRANCH;WEAKMUTATION;METHODTRACE,0.8492217898832685,1028,873,1.0,111111111111111111,1.0,111111,0.0,000000,0.8499496475327291,111111111111111111111111111011011110111111111111101101111111100000000001111111110000000001111111111110110111111111111111111111110111110111110111110111111111111111101111111100001111111111110111101111111111111111110111111111110011100000111011111111111111111110110000011011100111111111001100010111111111111111111111111111001111111011101111001111111111111011111111111111101111111110111101111110111111111110111110111110111111011111111111111100110000001110111111111111111111111111111111111111100111111111111111110101111111111011101111111110111111111011011111111111111110111111011011101110111111111111111111111111111111101110111111111111111111111111111111111110111111011111111011110111111111111111111111111111011111111111111111111111000001111111111111111111111110111111010111111011011001101110111110011111111110111111111110111100101110111111111011111111111111101101110111011011011011011011111111011111111011111111111111011111111101111101111100111111111111111111111010111110110111111111111111111111111,1.0,11111
com.axios.Axios,LINE;BRANCH;CBRANCH;WEAKMUTATION;METHODTRACE,0.8044030482641829,1181,950,0.6716417910447762,1000000000000001111111011001111111110111111111000011111111111111111,0.7857142857142857,001110110111000111101111011111111111111111,0.0,000000000000000000000000000000000000000000,0.8499496475327291,111111111111111111111111111011011110111111111111101101111111100000000001111111110000000001111111111110110111111111111111111111110111110111110111110111111111111111101111111100001111111111110111101111111111111111110111111111110011100000111011111111111111111110110000011011100111111111001100010111111111111111111111111111001111111011101111001111111111111011111111111111101111111110111101111110111111111110111110111110111111011111111111111100110000001110111111111111111111111111111111111111100111111111111111110101111111111011101111111110111111111011011111111111111110111111011011101110111111111111111111111111111111101110111111111111111111111111111111111110111111011111111011110111111111111111111111111111011111111111111111111111000001111111111111111111111110111111010111111011011001101110111110011111111110111111111110111100101110111111111011111111111111101101110111011011011011011011111111011111111011111111111111011111111101111101111100111111111111111111111010111110110111111111111111111111111,0.7567567567567568,0000100011111111111101011111111111111
com.axios.exception.HttpException,LINE;BRANCH;CBRANCH;WEAKMUTATION;METHODTRACE,0.8494516450648056,1003,852,1.0,1111,1.0,11,0.0,00,0.8499496475327291,111111111111111111111111111011011110111111111111101101111111100000000001111111110000000001111111111110110111111111111111111111110111110111110111110111111111111111101111111100001111111111110111101111111111111111110111111111110011100000111011111111111111111110110000011011100111111111001100010111111111111111111111111111001111111011101111001111111111111011111111111111101111111110111101111110111111111110111110111110111111011111111111111100110000001110111111111111111111111111111111111111100111111111111111110101111111111011101111111110111111111011011111111111111110111111011011101110111111111111111111111111111111101110111111111111111111111111111111111110111111011111111011110111111111111111111111111111011111111111111111111111000001111111111111111111111110111111010111111011011001101110111110011111111110111111111110111100101110111111111011111111111111101101110111011011011011011011111111011111111011111111111111011111111101111101111100111111111111111111111010111110110111111111111111111111111,1.0,11
com.axios.exception.IORuntimeException,LINE;BRANCH;CBRANCH;WEAKMUTATION;METHODTRACE,0.8494516450648056,1003,852,1.0,1111,1.0,11,0.0,00,0.8499496475327291,111111111111111111111111111011011110111111111111101101111111100000000001111111110000000001111111111110110111111111111111111111110111110111110111110111111111111111101111111100001111111111110111101111111111111111110111111111110011100000111011111111111111111110110000011011100111111111001100010111111111111111111111111111001111111011101111001111111111111011111111111111101111111110111101111110111111111110111110111110111111011111111111111100110000001110111111111111111111111111111111111111100111111111111111110101111111111011101111111110111111111011011111111111111110111111011011101110111111111111111111111111111111101110111111111111111111111111111111111110111111011111111011110111111111111111111111111111011111111111111111111111000001111111111111111111111110111111010111111011011001101110111110011111111110111111111110111100101110111111111011111111111111101101110111011011011011011011111111011111111011111111111111011111111101111101111100111111111111111111111010111110110111111111111111111111111,1.0,11
com.axios.exception.ConnException,LINE;BRANCH;CBRANCH;WEAKMUTATION;METHODTRACE,0.8494516450648056,1003,852,1.0,1111,1.0,11,0.0,00,0.8499496475327291,111111111111111111111111111011011110111111111111101101111111100000000001111111110000000001111111111110110111111111111111111111110111110111110111110111111111111111101111111100001111111111110111101111111111111111110111111111110011100000111011111111111111111110110000011011100111111111001100010111111111111111111111111111001111111011101111001111111111111011111111111111101111111110111101111110111111111110111110111110111111011111111111111100110000001110111111111111111111111111111111111111100111111111111111110101111111111011101111111110111111111011011111111111111110111111011011101110111111111111111111111111111111101110111111111111111111111111111111111110111111011111111011110111111111111111111111111111011111111111111111111111000001111111111111111111111110111111010111111011011001101110111110011111111110111111111110111100101110111111111011111111111111101101110111011011011011011011111111011111111011111111111111011111111101111101111100111111111111111111111010111110110111111111111111111111111,1.0,11
com.axios.exception.NoResourceException,LINE;BRANCH;CBRANCH;WEAKMUTATION;METHODTRACE,0.8494516450648056,1003,852,1.0,1111,1.0,11,0.0,00,0.8499496475327291,111111111111111111111111111011011110111111111111101101111111100000000001111111110000000001111111111110110111111111111111111111110111110111110111110111111111111111101111111100001111111111110111101111111111111111110111111111110011100000111011111111111111111110110000011011100111111111001100010111111111111111111111111111001111111011101111001111111111111011111111111111101111111110111101111110111111111110111110111110111111011111111111111100110000001110111111111111111111111111111111111111100111111111111111110101111111111011101111111110111111111011011111111111111110111111011011101110111111111111111111111111111111101110111111111111111111111111111111111110111111011111111011110111111111111111111111111111011111111111111111111111000001111111111111111111111110111111010111111011011001101110111110011111111110111111111110111100101110111111111011111111111111101101110111011011011011011011111111011111111011111111111111011111111101111101111100111111111111111111111010111110110111111111111111111111111,1.0,11
com.axios.header.Header,LINE;BRANCH;CBRANCH;WEAKMUTATION;METHODTRACE,0.8490566037735849,1007,855,1.0,11111,1.0,111,0.0,000,0.8499496475327291,111111111111111111111111111011011110111111111111101101111111100000000001111111110000000001111111111110110111111111111111111111110111110111110111110111111111111111101111111100001111111111110111101111111111111111110111111111110011100000111011111111111111111110110000011011100111111111001100010111111111111111111111111111001111111011101111001111111111111011111111111111101111111110111101111110111111111110111110111110111111011111111111111100110000001110111111111111111111111111111111111111100111111111111111110101111111111011101111111110111111111011011111111111111110111111011011101110111111111111111111111111111111101110111111111111111111111111111111111110111111011111111011110111111111111111111111111111011111111111111111111111000001111111111111111111111110111111010111111011011001101110111110011111111110111111111110111100101110111111111011111111111111101101110111011011011011011011111111011111111011111111111111011111111101111101111100111111111111111111111010111110110111111111111111111111111,1.0,111
com.axios.header.RequestHeader,LINE;BRANCH;CBRANCH;WEAKMUTATION;METHODTRACE,0.849601593625498,1004,853,1.0,11111,1.0,11,0.0,00,0.8499496475327291,111111111111111111111111111011011110111111111111101101111111100000000001111111110000000001111111111110110111111111111111111111110111110111110111110111111111111111101111111100001111111111110111101111111111111111110111111111110011100000111011111111111111111110110000011011100111111111001100010111111111111111111111111111001111111011101111001111111111111011111111111111101111111110111101111110111111111110111110111110111111011111111111111100110000001110111111111111111111111111111111111111100111111111111111110101111111111011101111111110111111111011011111111111111110111111011011101110111111111111111111111111111111101110111111111111111111111111111111111110111111011111111011110111111111111111111111111111011111111111111111111111000001111111111111111111111110111111010111111011011001101110111110011111111110111111111110111100101110111111111011111111111111101101110111011011011011011011111111011111111011111111111111011111111101111101111100111111111111111111111010111110110111111111111111111111111,1.0,11
